-- MySQL dump 10.13  Distrib 8.0.31, for Linux (x86_64)
--
-- Host: localhost    Database: pencatatan_kerja_karyawan
-- ------------------------------------------------------
-- Server version	8.0.31-0ubuntu0.22.04.1

/*!40101 SET @OLD_CHARACTER_SET_CLIENT=@@CHARACTER_SET_CLIENT */;
/*!40101 SET @OLD_CHARACTER_SET_RESULTS=@@CHARACTER_SET_RESULTS */;
/*!40101 SET @OLD_COLLATION_CONNECTION=@@COLLATION_CONNECTION */;
/*!50503 SET NAMES utf8mb4 */;
/*!40103 SET @OLD_TIME_ZONE=@@TIME_ZONE */;
/*!40103 SET TIME_ZONE='+00:00' */;
/*!40014 SET @OLD_UNIQUE_CHECKS=@@UNIQUE_CHECKS, UNIQUE_CHECKS=0 */;
/*!40014 SET @OLD_FOREIGN_KEY_CHECKS=@@FOREIGN_KEY_CHECKS, FOREIGN_KEY_CHECKS=0 */;
/*!40101 SET @OLD_SQL_MODE=@@SQL_MODE, SQL_MODE='NO_AUTO_VALUE_ON_ZERO' */;
/*!40111 SET @OLD_SQL_NOTES=@@SQL_NOTES, SQL_NOTES=0 */;

--
-- Table structure for table `adonis_schema`
--

DROP TABLE IF EXISTS `adonis_schema`;
/*!40101 SET @saved_cs_client     = @@character_set_client */;
/*!50503 SET character_set_client = utf8mb4 */;
CREATE TABLE `adonis_schema` (
  `id` int unsigned NOT NULL AUTO_INCREMENT,
  `name` varchar(255) COLLATE utf8mb3_unicode_ci NOT NULL,
  `batch` int NOT NULL,
  `migration_time` timestamp NULL DEFAULT CURRENT_TIMESTAMP,
  PRIMARY KEY (`id`)
) ENGINE=InnoDB AUTO_INCREMENT=6 DEFAULT CHARSET=utf8mb3 COLLATE=utf8mb3_unicode_ci;
/*!40101 SET character_set_client = @saved_cs_client */;

--
-- Dumping data for table `adonis_schema`
--

LOCK TABLES `adonis_schema` WRITE;
/*!40000 ALTER TABLE `adonis_schema` DISABLE KEYS */;
INSERT INTO `adonis_schema` VALUES (1,'database/migrations/1671062412701_roles',1,'2022-12-24 02:24:41'),(2,'database/migrations/1671063655665_users',1,'2022-12-24 02:24:41'),(3,'database/migrations/1671063655667_api_tokens',1,'2022-12-24 02:24:41'),(4,'database/migrations/1671609574927_employees',1,'2022-12-24 02:24:42'),(5,'database/migrations/1671783286274_scores',1,'2022-12-24 02:24:42');
/*!40000 ALTER TABLE `adonis_schema` ENABLE KEYS */;
UNLOCK TABLES;

--
-- Table structure for table `adonis_schema_versions`
--

DROP TABLE IF EXISTS `adonis_schema_versions`;
/*!40101 SET @saved_cs_client     = @@character_set_client */;
/*!50503 SET character_set_client = utf8mb4 */;
CREATE TABLE `adonis_schema_versions` (
  `version` int NOT NULL
) ENGINE=InnoDB DEFAULT CHARSET=utf8mb3 COLLATE=utf8mb3_unicode_ci;
/*!40101 SET character_set_client = @saved_cs_client */;

--
-- Dumping data for table `adonis_schema_versions`
--

LOCK TABLES `adonis_schema_versions` WRITE;
/*!40000 ALTER TABLE `adonis_schema_versions` DISABLE KEYS */;
INSERT INTO `adonis_schema_versions` VALUES (2);
/*!40000 ALTER TABLE `adonis_schema_versions` ENABLE KEYS */;
UNLOCK TABLES;

--
-- Table structure for table `api_tokens`
--

DROP TABLE IF EXISTS `api_tokens`;
/*!40101 SET @saved_cs_client     = @@character_set_client */;
/*!50503 SET character_set_client = utf8mb4 */;
CREATE TABLE `api_tokens` (
  `id` int unsigned NOT NULL AUTO_INCREMENT,
  `user_id` varchar(255) COLLATE utf8mb3_unicode_ci DEFAULT NULL,
  `name` varchar(255) COLLATE utf8mb3_unicode_ci NOT NULL,
  `type` varchar(255) COLLATE utf8mb3_unicode_ci NOT NULL,
  `token` varchar(64) COLLATE utf8mb3_unicode_ci NOT NULL,
  `expires_at` timestamp NULL DEFAULT NULL,
  `created_at` timestamp NOT NULL,
  PRIMARY KEY (`id`),
  UNIQUE KEY `api_tokens_token_unique` (`token`),
  KEY `api_tokens_user_id_foreign` (`user_id`),
  CONSTRAINT `api_tokens_user_id_foreign` FOREIGN KEY (`user_id`) REFERENCES `users` (`id`) ON DELETE CASCADE
) ENGINE=InnoDB DEFAULT CHARSET=utf8mb3 COLLATE=utf8mb3_unicode_ci;
/*!40101 SET character_set_client = @saved_cs_client */;

--
-- Dumping data for table `api_tokens`
--

LOCK TABLES `api_tokens` WRITE;
/*!40000 ALTER TABLE `api_tokens` DISABLE KEYS */;
/*!40000 ALTER TABLE `api_tokens` ENABLE KEYS */;
UNLOCK TABLES;

--
-- Table structure for table `employees`
--

DROP TABLE IF EXISTS `employees`;
/*!40101 SET @saved_cs_client     = @@character_set_client */;
/*!50503 SET character_set_client = utf8mb4 */;
CREATE TABLE `employees` (
  `id` varchar(255) COLLATE utf8mb3_unicode_ci NOT NULL,
  `nip` varchar(255) COLLATE utf8mb3_unicode_ci NOT NULL,
  `fullname` varchar(255) COLLATE utf8mb3_unicode_ci NOT NULL,
  `phone` varchar(255) COLLATE utf8mb3_unicode_ci NOT NULL,
  `email` varchar(255) COLLATE utf8mb3_unicode_ci NOT NULL,
  `created_at` timestamp NULL DEFAULT NULL,
  `updated_at` timestamp NULL DEFAULT NULL,
  PRIMARY KEY (`id`)
) ENGINE=InnoDB DEFAULT CHARSET=utf8mb3 COLLATE=utf8mb3_unicode_ci;
/*!40101 SET character_set_client = @saved_cs_client */;

--
-- Dumping data for table `employees`
--

LOCK TABLES `employees` WRITE;
/*!40000 ALTER TABLE `employees` DISABLE KEYS */;
INSERT INTO `employees` VALUES ('1THJO4bg422ByJNQL1Yy6','3793466645','Brooke Blick','475.856.9316 x150','Judd.Koepp63@yahoo.com','2022-12-24 02:24:44','2022-12-24 02:24:44'),('3-KH6EEIlY4N0XEqr1qBT','6758829335','Opal Goldner','983-757-9171 x87176','Thaddeus_Hodkiewicz69@gmail.com','2022-12-24 02:24:44','2022-12-24 02:24:44'),('CuVVvchPeHIHw9r2cZU96','4845648188','Ana Murazik','1-584-843-4517','Martina14@gmail.com','2022-12-24 02:24:44','2022-12-24 02:24:44'),('DKklfYscMioAFUtlHEAy-','1100367094','Robin Altenwerth','256-610-5335 x53110','Greyson.Bartoletti@hotmail.com','2022-12-24 02:24:44','2022-12-24 02:24:44'),('fCrGykEjhK1FciTBOBm8g','8164880904','Sheryl Gleason','1-335-489-6908 x6885','Sydney.Ledner@yahoo.com','2022-12-24 02:24:44','2022-12-24 02:24:44'),('H8YBoGYoyV1yOs9v-38uy','8900964911','Don DuBuque','(398) 363-8174 x358','Domenica_Bergnaum@gmail.com','2022-12-24 02:24:44','2022-12-24 02:24:44'),('HBvSUrTwR1mhbf7QD_U6I','7281252349','Juanita Considine','(564) 400-2704 x29913','Liliane_King15@yahoo.com','2022-12-24 02:24:44','2022-12-24 02:24:44'),('nPgYesSJA6-yrQ5ACMMLM','4957959120','Tara Altenwerth','888-373-9928 x909','Amanda_Wisozk6@gmail.com','2022-12-24 02:24:44','2022-12-24 02:24:44'),('QytYX1rSkshTuZzYtdacZ','1198954176','Miss Candace Kuhn Jr.','482-600-7434 x17428','Ramiro95@hotmail.com','2022-12-24 02:24:44','2022-12-24 02:24:44'),('V8c6vFknkSJoQJtHZCyOn','1201463778','Roberto DuBuque','694-442-1336 x82439','Kian_Witting81@yahoo.com','2022-12-24 02:24:44','2022-12-24 02:24:44');
/*!40000 ALTER TABLE `employees` ENABLE KEYS */;
UNLOCK TABLES;

--
-- Table structure for table `roles`
--

DROP TABLE IF EXISTS `roles`;
/*!40101 SET @saved_cs_client     = @@character_set_client */;
/*!50503 SET character_set_client = utf8mb4 */;
CREATE TABLE `roles` (
  `id` int unsigned NOT NULL AUTO_INCREMENT,
  `role` varchar(255) COLLATE utf8mb3_unicode_ci NOT NULL,
  `created_at` timestamp NULL DEFAULT NULL,
  `updated_at` timestamp NULL DEFAULT NULL,
  PRIMARY KEY (`id`)
) ENGINE=InnoDB AUTO_INCREMENT=3 DEFAULT CHARSET=utf8mb3 COLLATE=utf8mb3_unicode_ci;
/*!40101 SET character_set_client = @saved_cs_client */;

--
-- Dumping data for table `roles`
--

LOCK TABLES `roles` WRITE;
/*!40000 ALTER TABLE `roles` DISABLE KEYS */;
INSERT INTO `roles` VALUES (1,'kadis','2022-12-24 02:24:44','2022-12-24 02:24:44'),(2,'kabid','2022-12-24 02:24:44','2022-12-24 02:24:44');
/*!40000 ALTER TABLE `roles` ENABLE KEYS */;
UNLOCK TABLES;

--
-- Table structure for table `scores`
--

DROP TABLE IF EXISTS `scores`;
/*!40101 SET @saved_cs_client     = @@character_set_client */;
/*!50503 SET character_set_client = utf8mb4 */;
CREATE TABLE `scores` (
  `id` varchar(255) COLLATE utf8mb3_unicode_ci NOT NULL,
  `employee_id` varchar(255) COLLATE utf8mb3_unicode_ci DEFAULT NULL,
  `month` tinyint DEFAULT NULL,
  `year` smallint DEFAULT NULL,
  `attendance` tinyint DEFAULT NULL,
  `integrity` tinyint DEFAULT NULL,
  `responsibility` tinyint DEFAULT NULL,
  `teamwork` tinyint DEFAULT NULL,
  `skill` tinyint DEFAULT NULL,
  `creativity` tinyint DEFAULT NULL,
  `final_score` tinyint DEFAULT NULL,
  `created_at` timestamp NULL DEFAULT NULL,
  `updated_at` timestamp NULL DEFAULT NULL,
  PRIMARY KEY (`id`),
  KEY `scores_employee_id_foreign` (`employee_id`),
  CONSTRAINT `scores_employee_id_foreign` FOREIGN KEY (`employee_id`) REFERENCES `employees` (`id`) ON DELETE CASCADE
) ENGINE=InnoDB DEFAULT CHARSET=utf8mb3 COLLATE=utf8mb3_unicode_ci;
/*!40101 SET character_set_client = @saved_cs_client */;

--
-- Dumping data for table `scores`
--

LOCK TABLES `scores` WRITE;
/*!40000 ALTER TABLE `scores` DISABLE KEYS */;
INSERT INTO `scores` VALUES ('_aHxRGOEZA4KefaEGnQE-','1THJO4bg422ByJNQL1Yy6',10,2020,4,2,1,4,4,1,16,'2022-12-24 02:24:44','2022-12-24 02:24:44'),('_BOmUIQwfVaSN0TVMX3hz','3-KH6EEIlY4N0XEqr1qBT',3,2022,4,4,2,1,3,1,15,'2022-12-24 02:24:44','2022-12-24 02:24:44'),('_DeALudXhZmZi-LdEpqoT','nPgYesSJA6-yrQ5ACMMLM',7,2020,1,2,2,1,1,4,11,'2022-12-24 02:24:44','2022-12-24 02:24:44'),('_HWLx9HX7i1_cgGP9-TaO','1THJO4bg422ByJNQL1Yy6',9,2022,1,1,2,3,2,2,11,'2022-12-24 02:24:44','2022-12-24 02:24:44'),('_L5MXJDFLaWkQKZBJoTik','QytYX1rSkshTuZzYtdacZ',8,2020,5,1,4,2,1,5,18,'2022-12-24 02:24:44','2022-12-24 02:24:44'),('_Rc9fpUCv8szyyROANaJ-','1THJO4bg422ByJNQL1Yy6',7,2022,3,1,2,1,4,3,14,'2022-12-24 02:24:44','2022-12-24 02:24:44'),('-c6_D30Cncy0ib2z2N2pQ','DKklfYscMioAFUtlHEAy-',4,2020,1,3,2,2,5,3,16,'2022-12-24 02:24:44','2022-12-24 02:24:44'),('-dlm3BGv3LrZ5BKMzLbdA','fCrGykEjhK1FciTBOBm8g',9,2022,3,2,5,2,4,4,20,'2022-12-24 02:24:44','2022-12-24 02:24:44'),('-ekc6-GWQmrzk8kwMw2Ee','QytYX1rSkshTuZzYtdacZ',11,2020,5,4,2,3,5,4,23,'2022-12-24 02:24:44','2022-12-24 02:24:44'),('-feTOst1Yb2sPUzdR3-oy','fCrGykEjhK1FciTBOBm8g',8,2022,4,1,2,1,4,4,16,'2022-12-24 02:24:44','2022-12-24 02:24:44'),('-KLcjo4_eGmbV29pvB_1A','fCrGykEjhK1FciTBOBm8g',10,2021,5,3,3,4,2,3,20,'2022-12-24 02:24:44','2022-12-24 02:24:44'),('-QBUUN-jf5O31KFcLQXmd','HBvSUrTwR1mhbf7QD_U6I',2,2021,1,1,4,5,5,5,21,'2022-12-24 02:24:44','2022-12-24 02:24:44'),('-WThu_PufyK_lJPs4p1VX','3-KH6EEIlY4N0XEqr1qBT',6,2021,2,5,4,5,4,4,24,'2022-12-24 02:24:44','2022-12-24 02:24:44'),('-ya81KglrkZR1wdzkz8PM','V8c6vFknkSJoQJtHZCyOn',2,2020,3,5,3,5,3,5,24,'2022-12-24 02:24:44','2022-12-24 02:24:44'),('0DAwLme44sBFRmayTne1B','HBvSUrTwR1mhbf7QD_U6I',6,2021,3,1,3,5,2,1,15,'2022-12-24 02:24:44','2022-12-24 02:24:44'),('0ekCCADMxM-IVJGxbcJn9','nPgYesSJA6-yrQ5ACMMLM',4,2020,2,4,3,2,3,1,15,'2022-12-24 02:24:44','2022-12-24 02:24:44'),('0HCIz3vJ4Uf8inGfI-fpf','H8YBoGYoyV1yOs9v-38uy',5,2022,5,1,1,1,5,5,18,'2022-12-24 02:24:44','2022-12-24 02:24:44'),('0Lq7RffIdpSbM8APvp-nx','H8YBoGYoyV1yOs9v-38uy',9,2020,2,5,2,5,4,4,22,'2022-12-24 02:24:44','2022-12-24 02:24:44'),('0MSjci3ODJw6Ukdl258nC','HBvSUrTwR1mhbf7QD_U6I',2,2022,2,4,5,1,5,4,21,'2022-12-24 02:24:44','2022-12-24 02:24:44'),('0oL49e4kOMkMnMQlcGmJB','H8YBoGYoyV1yOs9v-38uy',6,2022,1,4,1,3,2,4,15,'2022-12-24 02:24:44','2022-12-24 02:24:44'),('0PodOQbJGTBQXH5KK9me-','3-KH6EEIlY4N0XEqr1qBT',6,2022,2,4,1,1,5,5,18,'2022-12-24 02:24:44','2022-12-24 02:24:44'),('0uJNjyx6uDCoCuQ2H-0l1','QytYX1rSkshTuZzYtdacZ',3,2022,1,4,5,4,1,5,20,'2022-12-24 02:24:44','2022-12-24 02:24:44'),('1cWYabLbD153IiEyZDcAt','HBvSUrTwR1mhbf7QD_U6I',6,2020,3,4,2,5,3,2,19,'2022-12-24 02:24:44','2022-12-24 02:24:44'),('1ELhp1XfJMoX_oqnar3Qs','HBvSUrTwR1mhbf7QD_U6I',3,2021,3,2,2,3,4,2,16,'2022-12-24 02:24:44','2022-12-24 02:24:44'),('1rmxz1A5ifFm0vEnG3NT2','DKklfYscMioAFUtlHEAy-',7,2022,4,3,2,4,2,2,17,'2022-12-24 02:24:44','2022-12-24 02:24:44'),('29CldsHp9ltsRUELpwDH2','DKklfYscMioAFUtlHEAy-',2,2022,4,5,4,2,4,4,23,'2022-12-24 02:24:44','2022-12-24 02:24:44'),('2e0lLyThns_8KGibGrP9h','DKklfYscMioAFUtlHEAy-',6,2022,1,3,1,5,4,5,19,'2022-12-24 02:24:44','2022-12-24 02:24:44'),('2H5Um-xjcffynCDefjFwy','nPgYesSJA6-yrQ5ACMMLM',1,2020,2,5,1,3,2,3,16,'2022-12-24 02:24:44','2022-12-24 02:24:44'),('2LlzMvIjvk_wpcDQ-i3ZM','nPgYesSJA6-yrQ5ACMMLM',4,2022,5,2,4,4,1,1,17,'2022-12-24 02:24:44','2022-12-24 02:24:44'),('2qTr7UW9QlQ6AlhxBjNGP','H8YBoGYoyV1yOs9v-38uy',4,2020,2,3,2,2,4,1,14,'2022-12-24 02:24:44','2022-12-24 02:24:44'),('2Sg88JLq4SFhKhuBv1Dyq','H8YBoGYoyV1yOs9v-38uy',1,2021,4,3,1,5,4,4,21,'2022-12-24 02:24:44','2022-12-24 02:24:44'),('2v62roFzkuPyZygb2o4DD','nPgYesSJA6-yrQ5ACMMLM',8,2022,4,4,5,2,4,2,21,'2022-12-24 02:24:44','2022-12-24 02:24:44'),('2wp48njzzcIY_RvAwqCiu','1THJO4bg422ByJNQL1Yy6',1,2021,5,1,5,5,4,2,22,'2022-12-24 02:24:44','2022-12-24 02:24:44'),('2XaL3T9QyJ7wZZ1FXEHDh','H8YBoGYoyV1yOs9v-38uy',5,2020,3,2,2,1,1,2,11,'2022-12-24 02:24:44','2022-12-24 02:24:44'),('3_xEa-j3qzjEOib_tazH8','1THJO4bg422ByJNQL1Yy6',8,2022,2,5,2,5,5,5,24,'2022-12-24 02:24:44','2022-12-24 02:24:44'),('30pJHkT9QLqYtfD3cuFIZ','CuVVvchPeHIHw9r2cZU96',7,2022,1,3,3,5,2,4,18,'2022-12-24 02:24:44','2022-12-24 02:24:44'),('3GY4UgGXIytjoUcYfMILJ','H8YBoGYoyV1yOs9v-38uy',3,2021,4,3,2,5,5,4,23,'2022-12-24 02:24:44','2022-12-24 02:24:44'),('3GyizhwxqTj3Ad84ke6V0','1THJO4bg422ByJNQL1Yy6',3,2020,3,4,5,2,2,4,20,'2022-12-24 02:24:44','2022-12-24 02:24:44'),('3kWwzEGZavaO3I7LVeC8m','QytYX1rSkshTuZzYtdacZ',1,2021,2,1,2,5,1,3,14,'2022-12-24 02:24:44','2022-12-24 02:24:44'),('3meLiq5S8QHDzyqe46gEp','fCrGykEjhK1FciTBOBm8g',9,2021,4,4,4,4,4,1,21,'2022-12-24 02:24:44','2022-12-24 02:24:44'),('3VJ5S76qBKlTo2ftkvaHx','QytYX1rSkshTuZzYtdacZ',4,2021,4,2,5,1,1,3,16,'2022-12-24 02:24:44','2022-12-24 02:24:44'),('3ymeEZ23zAbU8C4v68ieF','3-KH6EEIlY4N0XEqr1qBT',11,2022,4,3,1,4,5,4,21,'2022-12-24 02:24:44','2022-12-24 02:24:44'),('41wc5FrHs1v9pyxQ88yg6','H8YBoGYoyV1yOs9v-38uy',8,2022,4,3,3,3,2,5,20,'2022-12-24 02:24:44','2022-12-24 02:24:44'),('4e0Umyu-atj2e-EG8TfJP','CuVVvchPeHIHw9r2cZU96',11,2021,3,1,1,2,1,3,11,'2022-12-24 02:24:44','2022-12-24 02:24:44'),('4EiQifDBZPQKJnOUPTpRa','DKklfYscMioAFUtlHEAy-',2,2021,2,5,3,3,1,5,19,'2022-12-24 02:24:44','2022-12-24 02:24:44'),('4EmBegcXSvrrtiTGygXZZ','CuVVvchPeHIHw9r2cZU96',11,2022,4,4,3,5,4,2,22,'2022-12-24 02:24:44','2022-12-24 02:24:44'),('4hn6E1HbuWCJ7sgklgxjs','QytYX1rSkshTuZzYtdacZ',3,2021,3,2,5,4,5,4,23,'2022-12-24 02:24:44','2022-12-24 02:24:44'),('4UG_RGWwVlewv-t_Moc8l','CuVVvchPeHIHw9r2cZU96',8,2022,5,5,1,4,2,1,18,'2022-12-24 02:24:44','2022-12-24 02:24:44'),('4XrfgcbvP_E3shEJK4Kne','QytYX1rSkshTuZzYtdacZ',11,2022,4,3,1,2,3,3,16,'2022-12-24 02:24:44','2022-12-24 02:24:44'),('52s0fhyzVZjzMSGCSxkBY','CuVVvchPeHIHw9r2cZU96',8,2020,1,2,2,3,3,4,15,'2022-12-24 02:24:44','2022-12-24 02:24:44'),('54XjqMkzudMEQz4ZqStpf','V8c6vFknkSJoQJtHZCyOn',8,2021,2,1,1,5,1,1,11,'2022-12-24 02:24:44','2022-12-24 02:24:44'),('5OIpv-S--iU7CM4VdB02f','V8c6vFknkSJoQJtHZCyOn',2,2022,2,3,5,2,2,3,17,'2022-12-24 02:24:44','2022-12-24 02:24:44'),('5SqPxFV8P47zbVfzMaXHf','fCrGykEjhK1FciTBOBm8g',3,2020,2,5,5,1,5,3,21,'2022-12-24 02:24:44','2022-12-24 02:24:44'),('5tH8ZlltmgcKt-dXWhS1U','fCrGykEjhK1FciTBOBm8g',4,2022,2,1,3,1,3,5,15,'2022-12-24 02:24:44','2022-12-24 02:24:44'),('6gFyc8XsH3AUJ0hmnuzjd','nPgYesSJA6-yrQ5ACMMLM',7,2021,5,3,2,3,4,2,19,'2022-12-24 02:24:44','2022-12-24 02:24:44'),('6jDpg695olj4NVnq7WZ5_','HBvSUrTwR1mhbf7QD_U6I',7,2020,3,2,1,4,3,5,18,'2022-12-24 02:24:44','2022-12-24 02:24:44'),('6Nco-qITar1LlV4HRz7Ng','H8YBoGYoyV1yOs9v-38uy',9,2022,3,4,5,4,3,5,24,'2022-12-24 02:24:44','2022-12-24 02:24:44'),('6T93ZPo9QEt6BRvjjIxfR','HBvSUrTwR1mhbf7QD_U6I',4,2022,5,1,2,5,4,4,21,'2022-12-24 02:24:44','2022-12-24 02:24:44'),('77m08zEr9L_6evdKS7VMR','H8YBoGYoyV1yOs9v-38uy',11,2021,1,1,3,2,3,4,14,'2022-12-24 02:24:44','2022-12-24 02:24:44'),('7FLolibd3VVCZpsTS2BJr','CuVVvchPeHIHw9r2cZU96',1,2021,2,4,2,5,4,2,19,'2022-12-24 02:24:44','2022-12-24 02:24:44'),('7IevhTHi7ouKaGd7ATdxh','3-KH6EEIlY4N0XEqr1qBT',9,2021,4,4,5,3,4,5,25,'2022-12-24 02:24:44','2022-12-24 02:24:44'),('7NVTbnT1prxd157srTSfp','DKklfYscMioAFUtlHEAy-',10,2020,5,3,4,2,1,3,18,'2022-12-24 02:24:44','2022-12-24 02:24:44'),('7ONDdbGRJsHpeu820OWWx','3-KH6EEIlY4N0XEqr1qBT',7,2020,3,2,4,2,3,1,15,'2022-12-24 02:24:44','2022-12-24 02:24:44'),('7oObMK_Oy3HDYdt0GBrGt','V8c6vFknkSJoQJtHZCyOn',7,2022,1,2,5,3,4,4,19,'2022-12-24 02:24:44','2022-12-24 02:24:44'),('85VNPPrnzD-mBvcLGc5OQ','QytYX1rSkshTuZzYtdacZ',1,2022,5,4,4,1,3,5,22,'2022-12-24 02:24:44','2022-12-24 02:24:44'),('8aT83YBA231SPvJDnQGzB','1THJO4bg422ByJNQL1Yy6',1,2020,5,2,1,2,3,5,18,'2022-12-24 02:24:44','2022-12-24 02:24:44'),('8fY7pvqxywbOWp5bfd-Nj','H8YBoGYoyV1yOs9v-38uy',3,2022,3,5,5,1,3,3,20,'2022-12-24 02:24:44','2022-12-24 02:24:44'),('8QGfNoXFaVf9finXZ8Am5','V8c6vFknkSJoQJtHZCyOn',8,2022,3,5,5,2,2,2,19,'2022-12-24 02:24:44','2022-12-24 02:24:44'),('8Ue0BWFgVAEQBBKl0Sre2','HBvSUrTwR1mhbf7QD_U6I',1,2021,1,5,5,5,2,2,20,'2022-12-24 02:24:44','2022-12-24 02:24:44'),('91UEjMfOaikeds_XwGsR2','3-KH6EEIlY4N0XEqr1qBT',12,2021,4,4,1,2,5,1,17,'2022-12-24 02:24:44','2022-12-24 02:24:44'),('9aHFFN7879HgASfPkGZxO','3-KH6EEIlY4N0XEqr1qBT',10,2022,5,5,4,5,4,5,28,'2022-12-24 02:24:44','2022-12-24 02:24:44'),('9cEUc8AUtg63boJDQkouj','3-KH6EEIlY4N0XEqr1qBT',2,2022,5,1,1,3,5,2,17,'2022-12-24 02:24:44','2022-12-24 02:24:44'),('9GC5Lidh4q8DIkJegcFHC','3-KH6EEIlY4N0XEqr1qBT',12,2022,5,1,2,5,3,4,20,'2022-12-24 02:24:44','2022-12-24 02:24:44'),('9K0lj74ZRFnAon-SE5pRg','nPgYesSJA6-yrQ5ACMMLM',1,2022,1,5,3,3,5,3,20,'2022-12-24 02:24:44','2022-12-24 02:24:44'),('9M89xGu6VBjw65SgRhUZF','fCrGykEjhK1FciTBOBm8g',2,2020,2,4,5,2,1,4,18,'2022-12-24 02:24:44','2022-12-24 02:24:44'),('9s6GAr5SkFOCtQb1uLRxV','DKklfYscMioAFUtlHEAy-',7,2021,2,4,4,2,2,4,18,'2022-12-24 02:24:44','2022-12-24 02:24:44'),('9sx_VNhCF05tbJwHI4Tyv','V8c6vFknkSJoQJtHZCyOn',11,2022,4,1,5,4,3,4,21,'2022-12-24 02:24:44','2022-12-24 02:24:44'),('a3NHeldmzjRdzQqteAKZR','CuVVvchPeHIHw9r2cZU96',9,2021,2,3,2,1,1,2,11,'2022-12-24 02:24:44','2022-12-24 02:24:44'),('Ad6I6h099ZPEUCyy7zr69','HBvSUrTwR1mhbf7QD_U6I',3,2020,3,1,2,5,5,4,20,'2022-12-24 02:24:44','2022-12-24 02:24:44'),('aeeT8pjLoVjqJRsxrPQej','3-KH6EEIlY4N0XEqr1qBT',7,2022,5,2,3,1,4,1,16,'2022-12-24 02:24:44','2022-12-24 02:24:44'),('AeGmzyBHaEBbIeZ2rNNZ_','H8YBoGYoyV1yOs9v-38uy',1,2020,2,3,4,5,4,5,23,'2022-12-24 02:24:44','2022-12-24 02:24:44'),('aIjOXoYPJgvxBzVfJyrTB','nPgYesSJA6-yrQ5ACMMLM',6,2021,3,3,5,5,5,4,25,'2022-12-24 02:24:44','2022-12-24 02:24:44'),('aOQzapPxQA9S7XaGh_-J1','V8c6vFknkSJoQJtHZCyOn',2,2021,4,1,3,2,1,2,13,'2022-12-24 02:24:44','2022-12-24 02:24:44'),('Apyl3rC-9K71n6J6WEAjw','V8c6vFknkSJoQJtHZCyOn',11,2020,3,4,1,4,2,2,16,'2022-12-24 02:24:44','2022-12-24 02:24:44'),('AqTVh7havXZ1T0ec_qtfD','CuVVvchPeHIHw9r2cZU96',9,2020,3,3,4,3,3,3,19,'2022-12-24 02:24:44','2022-12-24 02:24:44'),('ar5ZftTNifAWwkhteYPgS','DKklfYscMioAFUtlHEAy-',5,2021,1,4,4,5,5,3,22,'2022-12-24 02:24:44','2022-12-24 02:24:44'),('AzSXh0IqfYMoUCx9kTE6V','DKklfYscMioAFUtlHEAy-',12,2022,5,4,4,5,1,4,23,'2022-12-24 02:24:44','2022-12-24 02:24:44'),('b2z21wM42h6xvmQaUSCCQ','fCrGykEjhK1FciTBOBm8g',11,2022,2,1,4,5,3,1,16,'2022-12-24 02:24:44','2022-12-24 02:24:44'),('BbdUxDNJr3iMySGngX9a5','H8YBoGYoyV1yOs9v-38uy',2,2020,1,5,1,3,2,5,17,'2022-12-24 02:24:44','2022-12-24 02:24:44'),('BE4LY8HL-EtNU3RjYFhDT','fCrGykEjhK1FciTBOBm8g',2,2022,3,1,3,5,3,2,17,'2022-12-24 02:24:44','2022-12-24 02:24:44'),('bgLLxcMMCkOQe1TqeqYJD','3-KH6EEIlY4N0XEqr1qBT',4,2021,3,5,3,3,4,1,19,'2022-12-24 02:24:44','2022-12-24 02:24:44'),('BP9hYxfobS7nmiINu9VCp','H8YBoGYoyV1yOs9v-38uy',11,2022,5,3,5,3,4,2,22,'2022-12-24 02:24:44','2022-12-24 02:24:44'),('BPac-Yz3cP1RwmvQMtyy0','fCrGykEjhK1FciTBOBm8g',2,2021,4,2,3,2,4,4,19,'2022-12-24 02:24:44','2022-12-24 02:24:44'),('brMjiDrabl8zDb2ha7huT','fCrGykEjhK1FciTBOBm8g',3,2021,1,3,1,4,2,5,16,'2022-12-24 02:24:44','2022-12-24 02:24:44'),('BTz2MwldEZ2wJdE2tmhee','HBvSUrTwR1mhbf7QD_U6I',5,2022,3,3,5,5,5,3,24,'2022-12-24 02:24:44','2022-12-24 02:24:44'),('bwa04dSL1pd3fCCvO0F-K','CuVVvchPeHIHw9r2cZU96',11,2020,3,1,3,5,3,4,19,'2022-12-24 02:24:44','2022-12-24 02:24:44'),('bZhei3BfZ7zgl6ESU_o0R','DKklfYscMioAFUtlHEAy-',12,2021,4,2,1,1,5,4,17,'2022-12-24 02:24:44','2022-12-24 02:24:44'),('c2T4RAg9IJn7HV91d52ig','H8YBoGYoyV1yOs9v-38uy',8,2021,2,2,3,4,1,5,17,'2022-12-24 02:24:44','2022-12-24 02:24:44'),('c79K28p_VkSOmWCR9Z8-l','HBvSUrTwR1mhbf7QD_U6I',10,2022,5,3,3,4,3,3,21,'2022-12-24 02:24:44','2022-12-24 02:24:44'),('c7d9jCWiVt72GM_YxnpJi','HBvSUrTwR1mhbf7QD_U6I',7,2022,3,2,3,3,1,5,17,'2022-12-24 02:24:44','2022-12-24 02:24:44'),('Cdexsq7SSNiSREL7GyGea','fCrGykEjhK1FciTBOBm8g',7,2021,2,1,5,4,2,4,18,'2022-12-24 02:24:44','2022-12-24 02:24:44'),('cj-4hU_kh7jTdhRZ_cZ_S','V8c6vFknkSJoQJtHZCyOn',9,2020,5,1,1,5,3,1,16,'2022-12-24 02:24:44','2022-12-24 02:24:44'),('CmKDK9KoVRnoHW6YsnJ4Y','CuVVvchPeHIHw9r2cZU96',7,2021,1,5,5,3,5,4,23,'2022-12-24 02:24:44','2022-12-24 02:24:44'),('CnAip9s6b1djcOj4PO3hl','fCrGykEjhK1FciTBOBm8g',1,2022,4,2,4,3,1,5,19,'2022-12-24 02:24:44','2022-12-24 02:24:44'),('CozcmtleeDDznM-3se6fj','1THJO4bg422ByJNQL1Yy6',12,2022,3,5,5,4,3,5,25,'2022-12-24 02:24:44','2022-12-24 02:24:44'),('CQNmvoW9bZU0d55zTxol-','H8YBoGYoyV1yOs9v-38uy',11,2020,1,3,5,3,1,5,18,'2022-12-24 02:24:44','2022-12-24 02:24:44'),('cVoFCCImVBpF-shgsTxUM','HBvSUrTwR1mhbf7QD_U6I',9,2020,1,1,5,4,2,5,18,'2022-12-24 02:24:44','2022-12-24 02:24:44'),('cw8gB6qrMLalE59aQW1tL','1THJO4bg422ByJNQL1Yy6',12,2021,4,1,4,1,3,1,14,'2022-12-24 02:24:44','2022-12-24 02:24:44'),('CXGfMsrNgNYSJ5IMrcIBm','nPgYesSJA6-yrQ5ACMMLM',11,2021,4,3,2,5,3,1,18,'2022-12-24 02:24:44','2022-12-24 02:24:44'),('CylLjpRaUSFPk1jBwMgtK','nPgYesSJA6-yrQ5ACMMLM',6,2020,1,1,1,5,4,5,17,'2022-12-24 02:24:44','2022-12-24 02:24:44'),('CZXfLQLlyhvJcUTWK5gUn','fCrGykEjhK1FciTBOBm8g',7,2022,1,2,1,1,3,4,12,'2022-12-24 02:24:44','2022-12-24 02:24:44'),('d_BCXTVgWAhlaI5Gixq28','QytYX1rSkshTuZzYtdacZ',11,2021,4,4,1,1,2,4,16,'2022-12-24 02:24:44','2022-12-24 02:24:44'),('D-VOAuEKxiEoMLJctPozb','fCrGykEjhK1FciTBOBm8g',3,2022,4,4,1,3,5,1,18,'2022-12-24 02:24:44','2022-12-24 02:24:44'),('D1UnYYcquz96BiemQzymc','1THJO4bg422ByJNQL1Yy6',11,2022,5,4,3,3,4,1,20,'2022-12-24 02:24:44','2022-12-24 02:24:44'),('DBJw5EKD4WL4g3WCHy9BH','3-KH6EEIlY4N0XEqr1qBT',8,2020,1,1,4,4,2,4,16,'2022-12-24 02:24:44','2022-12-24 02:24:44'),('dbXEyQrCVIZJmdyYY43oX','1THJO4bg422ByJNQL1Yy6',3,2021,5,4,2,1,5,5,22,'2022-12-24 02:24:44','2022-12-24 02:24:44'),('DhCLJ0rQBD33G8ZlY05Nm','1THJO4bg422ByJNQL1Yy6',12,2020,1,5,4,3,3,1,17,'2022-12-24 02:24:44','2022-12-24 02:24:44'),('dJZ2EUAfl9qR5Q2_n24am','DKklfYscMioAFUtlHEAy-',8,2022,2,3,1,4,2,1,13,'2022-12-24 02:24:44','2022-12-24 02:24:44'),('dmIZcky_77SR5g268SgYY','1THJO4bg422ByJNQL1Yy6',2,2021,1,5,3,4,4,1,18,'2022-12-24 02:24:44','2022-12-24 02:24:44'),('DoBhIkZR9d3vRnlOJSDXI','CuVVvchPeHIHw9r2cZU96',7,2020,5,3,1,2,1,4,16,'2022-12-24 02:24:44','2022-12-24 02:24:44'),('Dq37waWgkvMXsVYgkF6P4','HBvSUrTwR1mhbf7QD_U6I',1,2022,2,2,4,1,1,3,13,'2022-12-24 02:24:44','2022-12-24 02:24:44'),('drJMuZsgA6tcWCbE2SLAW','nPgYesSJA6-yrQ5ACMMLM',3,2021,4,5,4,4,1,1,19,'2022-12-24 02:24:44','2022-12-24 02:24:44'),('dRPTfrjgD4UxKPtq_2v90','3-KH6EEIlY4N0XEqr1qBT',10,2020,5,2,1,2,2,1,13,'2022-12-24 02:24:44','2022-12-24 02:24:44'),('DV6LJt3KuaDzzjF7_vzBG','V8c6vFknkSJoQJtHZCyOn',6,2020,1,2,1,1,2,2,9,'2022-12-24 02:24:44','2022-12-24 02:24:44'),('dWK-Lng4827lexREEnVH3','H8YBoGYoyV1yOs9v-38uy',6,2021,4,5,1,5,5,3,23,'2022-12-24 02:24:44','2022-12-24 02:24:44'),('dXkpOA-8r0QPvyD7Efmlv','HBvSUrTwR1mhbf7QD_U6I',3,2022,1,5,1,5,3,3,18,'2022-12-24 02:24:44','2022-12-24 02:24:44'),('E3X80RUudfNNEHDD82EbG','HBvSUrTwR1mhbf7QD_U6I',7,2021,5,4,4,4,4,2,23,'2022-12-24 02:24:44','2022-12-24 02:24:44'),('ecuslCsxbNQt7_Uy-7rDJ','DKklfYscMioAFUtlHEAy-',9,2022,1,3,3,4,2,3,16,'2022-12-24 02:24:44','2022-12-24 02:24:44'),('EDm1i4BzDbzZlCKk-efVv','CuVVvchPeHIHw9r2cZU96',4,2021,1,5,1,1,5,1,14,'2022-12-24 02:24:44','2022-12-24 02:24:44'),('eg6STo9VcdO7kVwdwLYzt','H8YBoGYoyV1yOs9v-38uy',5,2021,5,4,1,4,4,2,20,'2022-12-24 02:24:44','2022-12-24 02:24:44'),('egCGj5N4bBZT_5DoZ4P9n','V8c6vFknkSJoQJtHZCyOn',7,2021,2,3,1,1,5,4,16,'2022-12-24 02:24:44','2022-12-24 02:24:44'),('eHAQeDNXyHEPx6LAOQ_Ys','CuVVvchPeHIHw9r2cZU96',10,2020,3,1,3,4,5,5,21,'2022-12-24 02:24:44','2022-12-24 02:24:44'),('EHOJlBCbC7GeOcEUwvltl','H8YBoGYoyV1yOs9v-38uy',2,2021,5,1,5,4,5,5,25,'2022-12-24 02:24:44','2022-12-24 02:24:44'),('EPlcgvBkFUvyJsXNdoC4x','V8c6vFknkSJoQJtHZCyOn',5,2021,3,4,1,5,1,5,19,'2022-12-24 02:24:44','2022-12-24 02:24:44'),('epn3pxawEI95_n_aoQJK6','fCrGykEjhK1FciTBOBm8g',5,2022,1,5,1,4,5,2,18,'2022-12-24 02:24:44','2022-12-24 02:24:44'),('ES17D8CyjWA2Qab7houaW','DKklfYscMioAFUtlHEAy-',4,2021,5,5,3,3,4,5,25,'2022-12-24 02:24:44','2022-12-24 02:24:44'),('et2oJIdsSeaG57C-bQxxX','fCrGykEjhK1FciTBOBm8g',11,2021,2,4,1,4,4,1,16,'2022-12-24 02:24:44','2022-12-24 02:24:44'),('f_fCLStlwIh0NdeN4M5QP','DKklfYscMioAFUtlHEAy-',4,2022,4,2,3,2,3,2,16,'2022-12-24 02:24:44','2022-12-24 02:24:44'),('f2onrGxmb0FKxhEGpQE-P','1THJO4bg422ByJNQL1Yy6',5,2022,4,5,5,4,3,2,23,'2022-12-24 02:24:44','2022-12-24 02:24:44'),('F2siAgzphCnmCndyKnAav','DKklfYscMioAFUtlHEAy-',8,2021,5,1,2,4,4,2,18,'2022-12-24 02:24:44','2022-12-24 02:24:44'),('f65MZtDWP6eLvSEKK-scK','nPgYesSJA6-yrQ5ACMMLM',12,2020,5,2,3,3,1,3,17,'2022-12-24 02:24:44','2022-12-24 02:24:44'),('f6eQgysduuCp9h0j0yleu','CuVVvchPeHIHw9r2cZU96',6,2021,1,5,4,1,1,1,13,'2022-12-24 02:24:44','2022-12-24 02:24:44'),('FE0ZlGB4Spb5poqPg6hzh','nPgYesSJA6-yrQ5ACMMLM',12,2022,3,1,2,1,2,2,11,'2022-12-24 02:24:44','2022-12-24 02:24:44'),('FE1iwj_6RJuSWOB-U5t5d','1THJO4bg422ByJNQL1Yy6',5,2020,2,1,3,2,1,1,10,'2022-12-24 02:24:44','2022-12-24 02:24:44'),('FFGSX3iN3ZQ1CbHNbWMYF','fCrGykEjhK1FciTBOBm8g',6,2022,4,3,3,3,4,2,19,'2022-12-24 02:24:44','2022-12-24 02:24:44'),('fFuo2SsbZy-6dQW5uS-VI','H8YBoGYoyV1yOs9v-38uy',4,2022,4,3,5,1,2,1,16,'2022-12-24 02:24:44','2022-12-24 02:24:44'),('fkOEc8F6UeDkdIHNLNhyU','fCrGykEjhK1FciTBOBm8g',6,2021,3,4,2,4,3,1,17,'2022-12-24 02:24:44','2022-12-24 02:24:44'),('FoEmoQDymxe-VDeTHgbP6','3-KH6EEIlY4N0XEqr1qBT',1,2020,1,3,3,5,1,4,17,'2022-12-24 02:24:44','2022-12-24 02:24:44'),('fSCrPlcWFjZyMfmIxCv7G','HBvSUrTwR1mhbf7QD_U6I',5,2020,4,4,4,5,4,1,22,'2022-12-24 02:24:44','2022-12-24 02:24:44'),('fUz6jWWsk390cu_wbxkwS','H8YBoGYoyV1yOs9v-38uy',7,2022,2,5,4,4,2,5,22,'2022-12-24 02:24:44','2022-12-24 02:24:44'),('FVOL-oFFyUNLVzEF0jCkp','QytYX1rSkshTuZzYtdacZ',10,2021,5,5,3,3,3,4,23,'2022-12-24 02:24:44','2022-12-24 02:24:44'),('fwoSSHETwB0oA17co2eyX','HBvSUrTwR1mhbf7QD_U6I',11,2021,3,4,3,2,4,1,17,'2022-12-24 02:24:44','2022-12-24 02:24:44'),('g9sDCjjKtpnwF7U2qqXcC','V8c6vFknkSJoQJtHZCyOn',1,2020,1,2,3,3,5,5,19,'2022-12-24 02:24:44','2022-12-24 02:24:44'),('GbIwbJUQVK7F-0oadMKUZ','QytYX1rSkshTuZzYtdacZ',6,2020,5,5,2,1,3,1,17,'2022-12-24 02:24:44','2022-12-24 02:24:44'),('gImZOnXc8WhBOnWFGMxmU','1THJO4bg422ByJNQL1Yy6',1,2022,3,3,1,3,1,1,12,'2022-12-24 02:24:44','2022-12-24 02:24:44'),('GOX1HYh_mYkGKIHrtEGR5','1THJO4bg422ByJNQL1Yy6',10,2021,2,5,4,2,5,5,23,'2022-12-24 02:24:44','2022-12-24 02:24:44'),('gOYNP35x7ZMZOIfkJs0E5','QytYX1rSkshTuZzYtdacZ',12,2022,2,4,2,4,2,5,19,'2022-12-24 02:24:44','2022-12-24 02:24:44'),('gRkR3uqHec8Hc-eSZbF49','nPgYesSJA6-yrQ5ACMMLM',10,2021,4,2,4,4,5,1,20,'2022-12-24 02:24:44','2022-12-24 02:24:44'),('H-NKj3SNXGY-p_xUelIlw','H8YBoGYoyV1yOs9v-38uy',7,2021,2,2,3,1,5,3,16,'2022-12-24 02:24:44','2022-12-24 02:24:44'),('H-YMwMqiddC4UPl1FGUye','QytYX1rSkshTuZzYtdacZ',2,2021,5,4,4,5,1,3,22,'2022-12-24 02:24:44','2022-12-24 02:24:44'),('H3mKLVWsaA4IQf0nFEZ3H','DKklfYscMioAFUtlHEAy-',9,2021,4,1,1,5,1,4,16,'2022-12-24 02:24:44','2022-12-24 02:24:44'),('Hjth32fyfB4o0I8Rv1a7H','HBvSUrTwR1mhbf7QD_U6I',11,2022,1,2,5,3,2,3,16,'2022-12-24 02:24:44','2022-12-24 02:24:44'),('HMCqhf7eKY3z9NRAbEpSc','CuVVvchPeHIHw9r2cZU96',2,2021,3,2,1,1,3,3,13,'2022-12-24 02:24:44','2022-12-24 02:24:44'),('HYYFMSuK2s4pjJPnFFT1z','nPgYesSJA6-yrQ5ACMMLM',2,2020,2,5,1,2,2,1,13,'2022-12-24 02:24:44','2022-12-24 02:24:44'),('I2X_2Z3NJ92aYpB9Ue6wU','DKklfYscMioAFUtlHEAy-',9,2020,3,3,4,4,2,2,18,'2022-12-24 02:24:44','2022-12-24 02:24:44'),('i4tjPTGI49PefbWD-hT4N','nPgYesSJA6-yrQ5ACMMLM',2,2021,3,4,2,3,4,3,19,'2022-12-24 02:24:44','2022-12-24 02:24:44'),('i6KXO3xfXRFqtZPdEVx4L','DKklfYscMioAFUtlHEAy-',10,2022,5,1,4,5,2,4,21,'2022-12-24 02:24:44','2022-12-24 02:24:44'),('ib0LBN4RcVobWauFVq15T','fCrGykEjhK1FciTBOBm8g',10,2020,5,2,4,2,1,5,19,'2022-12-24 02:24:44','2022-12-24 02:24:44'),('IDjsbUcAibZVCO71cAJp5','DKklfYscMioAFUtlHEAy-',7,2020,1,5,4,3,2,2,17,'2022-12-24 02:24:44','2022-12-24 02:24:44'),('iFtPVr3okPE7egXMMPvdv','DKklfYscMioAFUtlHEAy-',11,2022,5,3,2,2,3,1,16,'2022-12-24 02:24:44','2022-12-24 02:24:44'),('ifVI0uqcnibEbyMAE9qet','CuVVvchPeHIHw9r2cZU96',1,2022,3,1,5,2,3,5,19,'2022-12-24 02:24:44','2022-12-24 02:24:44'),('ihIM-O_cUGBVIKP5BA214','CuVVvchPeHIHw9r2cZU96',5,2022,1,1,3,4,4,5,18,'2022-12-24 02:24:44','2022-12-24 02:24:44'),('ihTmfXGJuHI4DYiK2ZbEw','QytYX1rSkshTuZzYtdacZ',6,2021,5,5,5,2,2,3,22,'2022-12-24 02:24:44','2022-12-24 02:24:44'),('IhVFrWdn7HfDJmpmXw9YH','nPgYesSJA6-yrQ5ACMMLM',3,2022,3,1,3,2,4,4,17,'2022-12-24 02:24:44','2022-12-24 02:24:44'),('IixQaLXrSQ4CW2gTToGd_','CuVVvchPeHIHw9r2cZU96',10,2021,3,4,4,1,5,1,18,'2022-12-24 02:24:44','2022-12-24 02:24:44'),('ijOOqgIPrcShgaH32Q59A','3-KH6EEIlY4N0XEqr1qBT',8,2021,4,4,5,1,2,5,21,'2022-12-24 02:24:44','2022-12-24 02:24:44'),('iJV5rVt1okTga5Ook-Xaw','QytYX1rSkshTuZzYtdacZ',10,2022,2,4,3,3,1,5,18,'2022-12-24 02:24:44','2022-12-24 02:24:44'),('ilTlTDMK3Pl-TdxEJi1Rb','3-KH6EEIlY4N0XEqr1qBT',12,2020,4,5,2,2,5,5,23,'2022-12-24 02:24:44','2022-12-24 02:24:44'),('iLzob2P04dPxGcUiF3uhT','HBvSUrTwR1mhbf7QD_U6I',12,2021,1,5,2,5,3,1,17,'2022-12-24 02:24:44','2022-12-24 02:24:44'),('Itipitw5RGctpxfitj4Gj','3-KH6EEIlY4N0XEqr1qBT',8,2022,5,4,3,2,5,5,24,'2022-12-24 02:24:44','2022-12-24 02:24:44'),('iyjeWxmPoEidvvt77fdhg','3-KH6EEIlY4N0XEqr1qBT',2,2020,4,4,1,2,3,1,15,'2022-12-24 02:24:44','2022-12-24 02:24:44'),('J-KM8pHnqAmt_GVTAxaZh','DKklfYscMioAFUtlHEAy-',8,2020,4,5,3,5,2,2,21,'2022-12-24 02:24:44','2022-12-24 02:24:44'),('jea7jPf8sHImB_6tRzsAZ','nPgYesSJA6-yrQ5ACMMLM',9,2020,1,1,3,1,3,3,12,'2022-12-24 02:24:44','2022-12-24 02:24:44'),('jEwQthiBS-ODu-KRydfFl','nPgYesSJA6-yrQ5ACMMLM',10,2020,2,2,1,3,4,5,17,'2022-12-24 02:24:44','2022-12-24 02:24:44'),('JjwevMHKHVJFIhF_srIpe','DKklfYscMioAFUtlHEAy-',2,2020,1,1,3,2,3,3,13,'2022-12-24 02:24:44','2022-12-24 02:24:44'),('JmRn2fnoqWblA-pq5IcHN','H8YBoGYoyV1yOs9v-38uy',6,2020,5,3,4,4,5,2,23,'2022-12-24 02:24:44','2022-12-24 02:24:44'),('jnCFQfB3dDopf5xvEwxyO','CuVVvchPeHIHw9r2cZU96',12,2022,2,3,2,2,2,1,12,'2022-12-24 02:24:44','2022-12-24 02:24:44'),('jPhFov2NrBBpABRDxDRuo','H8YBoGYoyV1yOs9v-38uy',10,2020,2,2,2,3,2,1,12,'2022-12-24 02:24:44','2022-12-24 02:24:44'),('JpLpQuOhGOSjClUVLhKvJ','DKklfYscMioAFUtlHEAy-',5,2022,4,1,1,4,3,5,18,'2022-12-24 02:24:44','2022-12-24 02:24:44'),('k60Nr2tHzAYC5TKtJa17G','nPgYesSJA6-yrQ5ACMMLM',7,2022,1,3,2,3,3,5,17,'2022-12-24 02:24:44','2022-12-24 02:24:44'),('K86KKNLn2YiaNGYscErMW','H8YBoGYoyV1yOs9v-38uy',10,2021,4,1,3,4,5,5,22,'2022-12-24 02:24:44','2022-12-24 02:24:44'),('kc0ifbe_8ElIeRxPCW2P-','1THJO4bg422ByJNQL1Yy6',6,2020,2,5,4,5,5,2,23,'2022-12-24 02:24:44','2022-12-24 02:24:44'),('KEWVCiyrCPRAU5JjpECqv','1THJO4bg422ByJNQL1Yy6',9,2020,5,2,4,5,4,2,22,'2022-12-24 02:24:44','2022-12-24 02:24:44'),('keYG7hZpAzo_U-lg3bFC7','HBvSUrTwR1mhbf7QD_U6I',8,2022,1,3,1,2,5,5,17,'2022-12-24 02:24:44','2022-12-24 02:24:44'),('kgO8YyC7EQtIGHAoCeBfU','HBvSUrTwR1mhbf7QD_U6I',6,2022,1,5,4,1,5,5,21,'2022-12-24 02:24:44','2022-12-24 02:24:44'),('kIuZAcEJjFQ5BX-af2kF1','nPgYesSJA6-yrQ5ACMMLM',6,2022,2,3,2,3,2,2,14,'2022-12-24 02:24:44','2022-12-24 02:24:44'),('KpmhbbhRymA8Djsc-rtOv','DKklfYscMioAFUtlHEAy-',11,2021,3,5,4,3,5,1,21,'2022-12-24 02:24:44','2022-12-24 02:24:44'),('Kqgyu67ci3D3o2dxcY3Q0','DKklfYscMioAFUtlHEAy-',10,2021,1,5,1,5,4,5,21,'2022-12-24 02:24:44','2022-12-24 02:24:44'),('kuiipY8rZRLTxWp_p93ov','DKklfYscMioAFUtlHEAy-',1,2022,5,5,5,2,3,5,25,'2022-12-24 02:24:44','2022-12-24 02:24:44'),('KWBrKRiyeX1J_1C3OLQjn','H8YBoGYoyV1yOs9v-38uy',8,2020,1,1,4,3,3,3,15,'2022-12-24 02:24:44','2022-12-24 02:24:44'),('KWGqK0FV0d6zZqxKCz0n-','QytYX1rSkshTuZzYtdacZ',4,2020,2,2,5,4,3,1,17,'2022-12-24 02:24:44','2022-12-24 02:24:44'),('KXsHoKGxOi-NYwG4Nzw61','DKklfYscMioAFUtlHEAy-',11,2020,3,3,5,4,5,4,24,'2022-12-24 02:24:44','2022-12-24 02:24:44'),('l_T3nIg9b9l1WQMN774vg','CuVVvchPeHIHw9r2cZU96',6,2022,2,2,5,3,2,5,19,'2022-12-24 02:24:44','2022-12-24 02:24:44'),('l0Vw84CCGPk1yH9n4hYVz','V8c6vFknkSJoQJtHZCyOn',5,2020,3,5,1,4,1,3,17,'2022-12-24 02:24:44','2022-12-24 02:24:44'),('l9EFEUHzUvwJpct4Tf26Y','CuVVvchPeHIHw9r2cZU96',12,2020,4,5,2,2,5,1,19,'2022-12-24 02:24:44','2022-12-24 02:24:44'),('l9v4Me1fILJBTGKN4HkwE','fCrGykEjhK1FciTBOBm8g',4,2020,1,1,3,2,4,5,16,'2022-12-24 02:24:44','2022-12-24 02:24:44'),('LA2yBEucuB4L7sfRIYsee','V8c6vFknkSJoQJtHZCyOn',10,2020,1,1,3,3,3,2,13,'2022-12-24 02:24:44','2022-12-24 02:24:44'),('Law67vPARR8IQYc4TfUEA','CuVVvchPeHIHw9r2cZU96',3,2021,2,3,3,3,2,4,17,'2022-12-24 02:24:44','2022-12-24 02:24:44'),('LGAX2E3PwDpZN7pQBUs39','V8c6vFknkSJoQJtHZCyOn',3,2022,5,5,5,3,5,4,27,'2022-12-24 02:24:44','2022-12-24 02:24:44'),('li_87AVvK3cRfLgoxD48Y','nPgYesSJA6-yrQ5ACMMLM',11,2022,3,5,5,4,5,4,26,'2022-12-24 02:24:44','2022-12-24 02:24:44'),('lnpjhiaKoOsl1cL3COMXy','3-KH6EEIlY4N0XEqr1qBT',1,2021,3,1,5,1,1,2,13,'2022-12-24 02:24:44','2022-12-24 02:24:44'),('Lnurj7UL8gQyP7ZJs3Jx9','V8c6vFknkSJoQJtHZCyOn',3,2021,2,5,5,2,1,3,18,'2022-12-24 02:24:44','2022-12-24 02:24:44'),('LrF8dMdtgFSyHrfh9ijof','QytYX1rSkshTuZzYtdacZ',12,2021,5,4,4,2,4,4,23,'2022-12-24 02:24:44','2022-12-24 02:24:44'),('Lwht0sZmPjzcd69z_Hb-a','1THJO4bg422ByJNQL1Yy6',9,2021,1,3,3,5,3,1,16,'2022-12-24 02:24:44','2022-12-24 02:24:44'),('M1WEeYV1RC0w33qSUYIM9','QytYX1rSkshTuZzYtdacZ',8,2021,3,5,5,2,3,3,21,'2022-12-24 02:24:44','2022-12-24 02:24:44'),('md9L_n4GWCCCjPyLJEt4C','3-KH6EEIlY4N0XEqr1qBT',6,2020,5,1,1,2,2,3,14,'2022-12-24 02:24:44','2022-12-24 02:24:44'),('mgIouAHZ1gskphjRAAkjZ','QytYX1rSkshTuZzYtdacZ',7,2021,1,3,1,1,3,2,11,'2022-12-24 02:24:44','2022-12-24 02:24:44'),('MjJAs8tZ9g6DBYRK0RQMB','1THJO4bg422ByJNQL1Yy6',8,2020,5,3,4,2,4,3,21,'2022-12-24 02:24:44','2022-12-24 02:24:44'),('MLGbGNyyxnRFUl4r5lmko','QytYX1rSkshTuZzYtdacZ',2,2020,2,4,5,4,1,4,20,'2022-12-24 02:24:44','2022-12-24 02:24:44'),('mNS0jgNQfG10mRjL8bjjP','fCrGykEjhK1FciTBOBm8g',10,2022,4,1,1,5,1,1,13,'2022-12-24 02:24:44','2022-12-24 02:24:44'),('moNnSXlvMfb2O6oiQ9pKu','1THJO4bg422ByJNQL1Yy6',7,2020,1,5,1,5,1,4,17,'2022-12-24 02:24:44','2022-12-24 02:24:44'),('MZs_aix8l0_wnSZDL87eR','V8c6vFknkSJoQJtHZCyOn',4,2021,4,1,4,3,3,4,19,'2022-12-24 02:24:44','2022-12-24 02:24:44'),('mzZC49HCa9Nu_FyuabOqV','H8YBoGYoyV1yOs9v-38uy',3,2020,2,1,5,5,4,3,20,'2022-12-24 02:24:44','2022-12-24 02:24:44'),('N1dXaAs4uZpYd5b4gV3nP','3-KH6EEIlY4N0XEqr1qBT',9,2022,1,5,1,2,5,4,18,'2022-12-24 02:24:44','2022-12-24 02:24:44'),('N2Se56E1h0SnTz3Vzd3Qh','DKklfYscMioAFUtlHEAy-',1,2020,1,1,5,3,3,1,14,'2022-12-24 02:24:44','2022-12-24 02:24:44'),('n74DhI0c_yQfurox5_zjY','V8c6vFknkSJoQJtHZCyOn',3,2020,1,1,5,4,1,4,16,'2022-12-24 02:24:44','2022-12-24 02:24:44'),('N9gBJOv6-f0A4aWwBVCVq','QytYX1rSkshTuZzYtdacZ',5,2020,3,2,3,1,1,1,11,'2022-12-24 02:24:44','2022-12-24 02:24:44'),('Nb4klp5GOiJcRqn4a4R9Z','DKklfYscMioAFUtlHEAy-',3,2020,3,2,5,4,4,4,22,'2022-12-24 02:24:44','2022-12-24 02:24:44'),('NgxEnLgu0u4To92ltNCJr','1THJO4bg422ByJNQL1Yy6',2,2020,2,3,2,5,3,3,18,'2022-12-24 02:24:44','2022-12-24 02:24:44'),('nHhaW5ToOF5CDwL-wyKYl','nPgYesSJA6-yrQ5ACMMLM',5,2020,3,3,2,3,4,4,19,'2022-12-24 02:24:44','2022-12-24 02:24:44'),('Nik7qhoVEuYoP6owQaOOr','V8c6vFknkSJoQJtHZCyOn',8,2020,2,5,4,2,4,4,21,'2022-12-24 02:24:44','2022-12-24 02:24:44'),('niL7CY2oKsPtwLGeTzfVs','V8c6vFknkSJoQJtHZCyOn',12,2020,2,2,4,2,1,4,15,'2022-12-24 02:24:44','2022-12-24 02:24:44'),('NJs9rzhXZChNjZB3CPh4I','QytYX1rSkshTuZzYtdacZ',9,2022,2,4,4,1,4,2,17,'2022-12-24 02:24:44','2022-12-24 02:24:44'),('NPQN3jOY8qpkFwq7xozym','H8YBoGYoyV1yOs9v-38uy',4,2021,3,3,2,1,1,3,13,'2022-12-24 02:24:44','2022-12-24 02:24:44'),('nqag9CQKhQ6HrrdXqEShY','1THJO4bg422ByJNQL1Yy6',4,2020,2,3,5,3,3,4,20,'2022-12-24 02:24:44','2022-12-24 02:24:44'),('NzywJ9fz6i5DRCkVurT-u','1THJO4bg422ByJNQL1Yy6',7,2021,2,4,5,5,4,4,24,'2022-12-24 02:24:44','2022-12-24 02:24:44'),('O2VN_SSD1rriVaS7lodyC','CuVVvchPeHIHw9r2cZU96',4,2022,4,4,2,2,2,2,16,'2022-12-24 02:24:44','2022-12-24 02:24:44'),('O80g3kftot4Bm3wZ7jjM2','V8c6vFknkSJoQJtHZCyOn',9,2021,1,5,5,3,3,1,18,'2022-12-24 02:24:44','2022-12-24 02:24:44'),('oBsJZz3hWotDqYnPnCowm','V8c6vFknkSJoQJtHZCyOn',11,2021,5,5,5,5,4,5,29,'2022-12-24 02:24:44','2022-12-24 02:24:44'),('OJHOq0Ox2RVX3DviVYwrB','3-KH6EEIlY4N0XEqr1qBT',10,2021,2,2,3,2,1,5,15,'2022-12-24 02:24:44','2022-12-24 02:24:44'),('oSpY63SADb2t2PDMc8B-K','HBvSUrTwR1mhbf7QD_U6I',12,2020,4,3,3,4,1,4,19,'2022-12-24 02:24:44','2022-12-24 02:24:44'),('OuYiOWD4-BwF8jEGRNJ1Q','fCrGykEjhK1FciTBOBm8g',1,2021,1,5,1,5,3,1,16,'2022-12-24 02:24:44','2022-12-24 02:24:44'),('Ox7moBz17jAuvQh71mN4N','1THJO4bg422ByJNQL1Yy6',4,2022,5,3,5,4,4,5,26,'2022-12-24 02:24:44','2022-12-24 02:24:44'),('p00BlY-saUiWSr8pIROsu','CuVVvchPeHIHw9r2cZU96',2,2020,1,2,1,3,4,1,12,'2022-12-24 02:24:44','2022-12-24 02:24:44'),('P1y6VicKOgXtdNdHQY8jV','3-KH6EEIlY4N0XEqr1qBT',9,2020,1,1,3,4,4,2,15,'2022-12-24 02:24:44','2022-12-24 02:24:44'),('p4eQfw8HYiqOVY313ctJi','3-KH6EEIlY4N0XEqr1qBT',5,2022,5,3,4,5,5,5,27,'2022-12-24 02:24:44','2022-12-24 02:24:44'),('p8PKZJAi_jgQUhyfgO2hc','1THJO4bg422ByJNQL1Yy6',3,2022,4,4,1,4,5,1,19,'2022-12-24 02:24:44','2022-12-24 02:24:44'),('Pcjo4_HTg5jUxlMV1tJyM','fCrGykEjhK1FciTBOBm8g',1,2020,4,2,1,3,5,2,17,'2022-12-24 02:24:44','2022-12-24 02:24:44'),('Pfejh5npzEI9Hrs-ALVin','QytYX1rSkshTuZzYtdacZ',5,2022,1,2,3,3,5,1,15,'2022-12-24 02:24:44','2022-12-24 02:24:44'),('PgmZ7oWyzMU15fEcAeI4i','3-KH6EEIlY4N0XEqr1qBT',2,2021,1,3,3,1,1,4,13,'2022-12-24 02:24:44','2022-12-24 02:24:44'),('PIf3Ss26Z_yj968rx-QfF','CuVVvchPeHIHw9r2cZU96',6,2020,1,5,2,5,1,5,19,'2022-12-24 02:24:44','2022-12-24 02:24:44'),('pMabg6Ouo3G5LZV9UMkc9','CuVVvchPeHIHw9r2cZU96',1,2020,5,2,2,4,3,5,21,'2022-12-24 02:24:44','2022-12-24 02:24:44'),('Pv4jLteF20jGHJGToxCFD','nPgYesSJA6-yrQ5ACMMLM',1,2021,5,4,4,5,2,1,21,'2022-12-24 02:24:44','2022-12-24 02:24:44'),('Px0mxVTriPeWECZMwz10p','1THJO4bg422ByJNQL1Yy6',10,2022,5,2,4,4,1,3,19,'2022-12-24 02:24:44','2022-12-24 02:24:44'),('Q1a6KbJeU_QHddPjFqQYx','1THJO4bg422ByJNQL1Yy6',4,2021,3,3,2,5,1,1,15,'2022-12-24 02:24:44','2022-12-24 02:24:44'),('q2mChJdUV_PL2kZH6jZrg','HBvSUrTwR1mhbf7QD_U6I',11,2020,3,3,4,5,4,2,21,'2022-12-24 02:24:44','2022-12-24 02:24:44'),('Q3jUmp82zxjQPlfJCCMOV','H8YBoGYoyV1yOs9v-38uy',12,2020,2,2,4,1,5,2,16,'2022-12-24 02:24:44','2022-12-24 02:24:44'),('qa0fKwiGpaGHU_TXLXGb6','nPgYesSJA6-yrQ5ACMMLM',5,2022,2,5,3,5,3,5,23,'2022-12-24 02:24:44','2022-12-24 02:24:44'),('qbQgpLQrVYczMiSwHam6n','HBvSUrTwR1mhbf7QD_U6I',2,2020,1,5,5,3,5,2,21,'2022-12-24 02:24:44','2022-12-24 02:24:44'),('qeYJcdGghrdVS1lqQjtPW','QytYX1rSkshTuZzYtdacZ',5,2021,5,3,5,1,2,2,18,'2022-12-24 02:24:44','2022-12-24 02:24:44'),('QfdbboaAU3MTzf2zfmynx','nPgYesSJA6-yrQ5ACMMLM',3,2020,4,1,5,5,5,5,25,'2022-12-24 02:24:44','2022-12-24 02:24:44'),('QfQylCOqxptm3BHBut-q2','nPgYesSJA6-yrQ5ACMMLM',12,2021,5,1,2,5,2,2,17,'2022-12-24 02:24:44','2022-12-24 02:24:44'),('qGztJut5X0O68g3cB9U68','V8c6vFknkSJoQJtHZCyOn',6,2021,3,5,2,1,4,1,16,'2022-12-24 02:24:44','2022-12-24 02:24:44'),('QJC7WEHGRR-Ln0VLj12YT','1THJO4bg422ByJNQL1Yy6',5,2021,2,4,2,3,3,5,19,'2022-12-24 02:24:44','2022-12-24 02:24:44'),('QjEAZaH55IUPpGdla-5OH','fCrGykEjhK1FciTBOBm8g',9,2020,3,5,5,5,1,2,21,'2022-12-24 02:24:44','2022-12-24 02:24:44'),('QJVOn6s6tk-XiNAMTfiqi','fCrGykEjhK1FciTBOBm8g',4,2021,5,3,4,5,2,1,20,'2022-12-24 02:24:44','2022-12-24 02:24:44'),('qLLVfdwMN_r-5muz80OlX','fCrGykEjhK1FciTBOBm8g',12,2020,3,3,1,4,2,1,14,'2022-12-24 02:24:44','2022-12-24 02:24:44'),('QMgWoXKrVYcFQ0pMGSu5U','QytYX1rSkshTuZzYtdacZ',1,2020,4,5,2,1,3,5,20,'2022-12-24 02:24:44','2022-12-24 02:24:44'),('Qn_-AcNjmPE3aILNEg374','fCrGykEjhK1FciTBOBm8g',8,2021,4,1,5,1,2,3,16,'2022-12-24 02:24:44','2022-12-24 02:24:44'),('qsTdctmpN9XKiH9LWyXET','3-KH6EEIlY4N0XEqr1qBT',3,2020,3,5,3,3,3,1,18,'2022-12-24 02:24:44','2022-12-24 02:24:44'),('qURfQ-jHVKODBAil3Wl5o','nPgYesSJA6-yrQ5ACMMLM',5,2021,2,1,5,4,5,4,21,'2022-12-24 02:24:44','2022-12-24 02:24:44'),('qxUFKqLbkpEr9X3K4Dwxx','QytYX1rSkshTuZzYtdacZ',9,2021,4,4,4,3,1,5,21,'2022-12-24 02:24:44','2022-12-24 02:24:44'),('r7qGzrAd_kYiCDq4aXPu-','DKklfYscMioAFUtlHEAy-',12,2020,3,5,5,5,3,4,25,'2022-12-24 02:24:44','2022-12-24 02:24:44'),('r86Yqjw-OHYzQ6PiMCC1b','fCrGykEjhK1FciTBOBm8g',12,2021,1,2,1,5,4,3,16,'2022-12-24 02:24:44','2022-12-24 02:24:44'),('rAKH4YZmdrlsZv0oTskEF','HBvSUrTwR1mhbf7QD_U6I',8,2020,5,3,2,1,3,5,19,'2022-12-24 02:24:44','2022-12-24 02:24:44'),('rg_BHaHJpSqN1A82Z168I','3-KH6EEIlY4N0XEqr1qBT',4,2020,4,5,5,5,5,2,26,'2022-12-24 02:24:44','2022-12-24 02:24:44'),('rh5Js-nq1XiY9EiMZC-tc','QytYX1rSkshTuZzYtdacZ',4,2022,5,4,5,1,2,5,22,'2022-12-24 02:24:44','2022-12-24 02:24:44'),('rIJQFcsKd3lz8-fnq0mAk','DKklfYscMioAFUtlHEAy-',5,2020,1,1,1,1,2,3,9,'2022-12-24 02:24:44','2022-12-24 02:24:44'),('rlzyC8yFY1iKVVXStuhna','3-KH6EEIlY4N0XEqr1qBT',4,2022,3,2,4,1,1,2,13,'2022-12-24 02:24:44','2022-12-24 02:24:44'),('robSWpQtr5_F65r5weAMu','1THJO4bg422ByJNQL1Yy6',8,2021,3,4,4,1,3,4,19,'2022-12-24 02:24:44','2022-12-24 02:24:44'),('rqq694P4soPBVYNB2PodS','1THJO4bg422ByJNQL1Yy6',11,2021,1,4,1,3,2,4,15,'2022-12-24 02:24:44','2022-12-24 02:24:44'),('RSVgyhr8dbgIt-rjge4AB','HBvSUrTwR1mhbf7QD_U6I',10,2020,2,1,5,5,3,5,21,'2022-12-24 02:24:44','2022-12-24 02:24:44'),('RtSYz593TKlfPLH0ueRoz','nPgYesSJA6-yrQ5ACMMLM',8,2020,5,3,4,2,2,3,19,'2022-12-24 02:24:44','2022-12-24 02:24:44'),('Ruj3MOH1DA2dw6iyLNRds','1THJO4bg422ByJNQL1Yy6',2,2022,4,3,5,5,3,1,21,'2022-12-24 02:24:44','2022-12-24 02:24:44'),('S91tRVOM05OcD35ns_HHF','V8c6vFknkSJoQJtHZCyOn',4,2022,1,4,3,1,2,4,15,'2022-12-24 02:24:44','2022-12-24 02:24:44'),('saKRP87WtI97pDmHMoj13','H8YBoGYoyV1yOs9v-38uy',2,2022,3,3,1,3,3,3,16,'2022-12-24 02:24:44','2022-12-24 02:24:44'),('sB2QEfFuXb632cYZQZaEv','CuVVvchPeHIHw9r2cZU96',5,2021,3,2,3,2,3,1,14,'2022-12-24 02:24:44','2022-12-24 02:24:44'),('SFG4pq4RoaIr_bJrK7iU1','V8c6vFknkSJoQJtHZCyOn',10,2022,3,2,2,3,1,2,13,'2022-12-24 02:24:44','2022-12-24 02:24:44'),('smA6Yppc4wZhtvWMklXiu','QytYX1rSkshTuZzYtdacZ',8,2022,3,2,2,5,3,2,17,'2022-12-24 02:24:44','2022-12-24 02:24:44'),('SN1sK9CtTrw_y-Z6_4Fd_','fCrGykEjhK1FciTBOBm8g',11,2020,1,1,4,4,5,4,19,'2022-12-24 02:24:44','2022-12-24 02:24:44'),('SQYlyxKTvAFiVZYPmtLsS','V8c6vFknkSJoQJtHZCyOn',10,2021,1,4,5,3,5,3,21,'2022-12-24 02:24:44','2022-12-24 02:24:44'),('sqZ8rTi_dNcPWJt5waYTx','DKklfYscMioAFUtlHEAy-',3,2022,3,3,4,1,5,4,20,'2022-12-24 02:24:44','2022-12-24 02:24:44'),('SWl93wiVjR1LFDaqvD408','QytYX1rSkshTuZzYtdacZ',2,2022,5,5,2,5,2,4,23,'2022-12-24 02:24:44','2022-12-24 02:24:44'),('szbcIrTB71NDJ9g_5jZfU','3-KH6EEIlY4N0XEqr1qBT',5,2021,5,2,5,3,4,1,20,'2022-12-24 02:24:44','2022-12-24 02:24:44'),('szeIhF-bNZp0erQYzRIGh','H8YBoGYoyV1yOs9v-38uy',9,2021,2,1,1,1,2,4,11,'2022-12-24 02:24:44','2022-12-24 02:24:44'),('T7ucO-SBV7KhfSaVEI01K','nPgYesSJA6-yrQ5ACMMLM',10,2022,4,2,2,2,3,2,15,'2022-12-24 02:24:44','2022-12-24 02:24:44'),('t8HGC8eklMNF-Cdt7VesP','QytYX1rSkshTuZzYtdacZ',3,2020,5,2,2,3,5,1,18,'2022-12-24 02:24:44','2022-12-24 02:24:44'),('tD-2-tJaEgAnzdJpqDFjL','fCrGykEjhK1FciTBOBm8g',5,2021,1,1,5,1,2,4,14,'2022-12-24 02:24:44','2022-12-24 02:24:44'),('TEGPlA2zf3Ij3l0SBN-fi','V8c6vFknkSJoQJtHZCyOn',12,2022,5,3,5,1,1,3,18,'2022-12-24 02:24:44','2022-12-24 02:24:44'),('TJAWEBxm-K8aS7WMpybLt','3-KH6EEIlY4N0XEqr1qBT',11,2021,2,3,4,3,3,3,18,'2022-12-24 02:24:44','2022-12-24 02:24:44'),('To9gsPNJKZCHyJ-RV7AGj','V8c6vFknkSJoQJtHZCyOn',5,2022,1,4,3,1,1,3,13,'2022-12-24 02:24:44','2022-12-24 02:24:44'),('tqR-s9c9p0fS_du5WeyE6','3-KH6EEIlY4N0XEqr1qBT',1,2022,4,5,1,5,4,3,22,'2022-12-24 02:24:44','2022-12-24 02:24:44'),('TSM2uhD4YVhNRxAJ9X4_X','1THJO4bg422ByJNQL1Yy6',6,2021,4,2,4,5,4,5,24,'2022-12-24 02:24:44','2022-12-24 02:24:44'),('U4-RPioY2FXESSTP5c4Rr','HBvSUrTwR1mhbf7QD_U6I',8,2021,2,3,4,1,2,4,16,'2022-12-24 02:24:44','2022-12-24 02:24:44'),('UCBXRNJidKqYxbZyMKael','HBvSUrTwR1mhbf7QD_U6I',4,2020,4,5,1,1,4,4,19,'2022-12-24 02:24:44','2022-12-24 02:24:44'),('uFMs1zi0S9jFESFaqg8r_','DKklfYscMioAFUtlHEAy-',6,2021,1,5,1,4,4,1,16,'2022-12-24 02:24:44','2022-12-24 02:24:44'),('Un7zVWz60Ux2NW-x1KuXf','V8c6vFknkSJoQJtHZCyOn',1,2021,4,2,1,4,2,3,16,'2022-12-24 02:24:44','2022-12-24 02:24:44'),('UPfhk5s6hYiIubcHO_SZg','V8c6vFknkSJoQJtHZCyOn',1,2022,3,2,5,5,4,4,23,'2022-12-24 02:24:44','2022-12-24 02:24:44'),('UsGDr7DoK99cC50kUpYyi','HBvSUrTwR1mhbf7QD_U6I',5,2021,5,2,3,3,3,5,21,'2022-12-24 02:24:44','2022-12-24 02:24:44'),('ut13C5_e_GvqF8LDrTBIv','V8c6vFknkSJoQJtHZCyOn',4,2020,1,5,1,4,2,1,14,'2022-12-24 02:24:44','2022-12-24 02:24:44'),('uYbQ9aPtm25IgKGKFvNSI','DKklfYscMioAFUtlHEAy-',6,2020,2,1,4,2,1,4,14,'2022-12-24 02:24:44','2022-12-24 02:24:44'),('V4W_jvqTpD18pg6yFNLDy','V8c6vFknkSJoQJtHZCyOn',6,2022,2,3,1,3,1,4,14,'2022-12-24 02:24:44','2022-12-24 02:24:44'),('vc7HDi3ce3H4LwnkgbB3q','CuVVvchPeHIHw9r2cZU96',8,2021,3,2,3,4,4,5,21,'2022-12-24 02:24:44','2022-12-24 02:24:44'),('vj9FKzsrVKWpWM37GLiwG','H8YBoGYoyV1yOs9v-38uy',1,2022,3,1,1,4,1,5,15,'2022-12-24 02:24:44','2022-12-24 02:24:44'),('VsBc8uwwHaa9rxXaRvsEd','CuVVvchPeHIHw9r2cZU96',9,2022,4,4,3,4,2,3,20,'2022-12-24 02:24:44','2022-12-24 02:24:44'),('VzXkCcfN2uluuiUY5CrvL','1THJO4bg422ByJNQL1Yy6',6,2022,3,3,4,5,5,5,25,'2022-12-24 02:24:44','2022-12-24 02:24:44'),('w02uS5zENu9-vH830aYKy','QytYX1rSkshTuZzYtdacZ',9,2020,3,5,3,2,3,5,21,'2022-12-24 02:24:44','2022-12-24 02:24:44'),('WdctyZpJkf7FolhD3PD5Q','CuVVvchPeHIHw9r2cZU96',5,2020,4,5,4,5,1,2,21,'2022-12-24 02:24:44','2022-12-24 02:24:44'),('WeenLIeDvwAr_TD85xX50','DKklfYscMioAFUtlHEAy-',1,2021,3,3,4,4,1,2,17,'2022-12-24 02:24:44','2022-12-24 02:24:44'),('wGDLya8K6sbOkseTkqoh7','H8YBoGYoyV1yOs9v-38uy',7,2020,1,3,1,4,3,5,17,'2022-12-24 02:24:44','2022-12-24 02:24:44'),('wiS7faTVyTwhpSX8n2IH3','nPgYesSJA6-yrQ5ACMMLM',9,2022,4,3,2,3,4,5,21,'2022-12-24 02:24:44','2022-12-24 02:24:44'),('wIuW6e5wQKj54fGX8kAV9','QytYX1rSkshTuZzYtdacZ',7,2020,3,5,3,5,3,4,23,'2022-12-24 02:24:44','2022-12-24 02:24:44'),('Wj8LfHhR4KaLPgJuJ-JCG','nPgYesSJA6-yrQ5ACMMLM',2,2022,3,5,3,1,5,2,19,'2022-12-24 02:24:44','2022-12-24 02:24:44'),('wpDQpIcyV7TtHWWgMjtmB','fCrGykEjhK1FciTBOBm8g',8,2020,1,2,2,3,1,2,11,'2022-12-24 02:24:44','2022-12-24 02:24:44'),('WSMKuPoY2T4l45nBTG8Kh','QytYX1rSkshTuZzYtdacZ',10,2020,3,2,1,1,2,3,12,'2022-12-24 02:24:44','2022-12-24 02:24:44'),('wtxtfm2yo1EboXljiC5ps','nPgYesSJA6-yrQ5ACMMLM',4,2021,4,3,1,4,1,1,14,'2022-12-24 02:24:44','2022-12-24 02:24:44'),('WVnGnmMzzioscoku36sQa','CuVVvchPeHIHw9r2cZU96',3,2022,5,4,4,1,2,5,21,'2022-12-24 02:24:44','2022-12-24 02:24:44'),('wzllcvC-dMS86fizwkVie','H8YBoGYoyV1yOs9v-38uy',12,2021,2,1,5,5,1,2,16,'2022-12-24 02:24:44','2022-12-24 02:24:44'),('X_65npEx8eiD0ylRYTLBC','DKklfYscMioAFUtlHEAy-',3,2021,4,3,4,1,3,4,19,'2022-12-24 02:24:44','2022-12-24 02:24:44'),('X2O-Pd-RjPSfTJfklQOKL','3-KH6EEIlY4N0XEqr1qBT',11,2020,4,2,1,4,1,5,17,'2022-12-24 02:24:44','2022-12-24 02:24:44'),('x4Izs2qT4ixzQfLA66XAD','QytYX1rSkshTuZzYtdacZ',7,2022,3,5,4,1,1,2,16,'2022-12-24 02:24:44','2022-12-24 02:24:44'),('X5ezlRY3bbEK7Dd6UnSNx','QytYX1rSkshTuZzYtdacZ',12,2020,3,2,2,4,5,5,21,'2022-12-24 02:24:44','2022-12-24 02:24:44'),('x8ZFX8_AMt5HG8yjKBUqp','HBvSUrTwR1mhbf7QD_U6I',9,2022,2,1,2,3,5,1,14,'2022-12-24 02:24:44','2022-12-24 02:24:44'),('xCDejy3ehXOltgmOKfWID','nPgYesSJA6-yrQ5ACMMLM',8,2021,3,1,4,1,1,1,11,'2022-12-24 02:24:44','2022-12-24 02:24:44'),('xF8uBDNhKot8bPpEXFE8z','nPgYesSJA6-yrQ5ACMMLM',9,2021,4,3,1,1,3,1,13,'2022-12-24 02:24:44','2022-12-24 02:24:44'),('xjmpjU7KYmr-qTDT41lRM','HBvSUrTwR1mhbf7QD_U6I',10,2021,2,1,3,3,2,4,15,'2022-12-24 02:24:44','2022-12-24 02:24:44'),('XM7W2Q4K6egY4RUCvkIiT','3-KH6EEIlY4N0XEqr1qBT',3,2021,1,1,3,5,3,3,16,'2022-12-24 02:24:44','2022-12-24 02:24:44'),('xn-zinp6L5szewzHKR4qX','H8YBoGYoyV1yOs9v-38uy',12,2022,2,3,4,2,2,5,18,'2022-12-24 02:24:44','2022-12-24 02:24:44'),('xPnSl_vrCmNSdC8SZZu5V','H8YBoGYoyV1yOs9v-38uy',10,2022,5,3,5,3,3,2,21,'2022-12-24 02:24:44','2022-12-24 02:24:44'),('xREL6hhXheZvdq8OAM8F8','HBvSUrTwR1mhbf7QD_U6I',12,2022,4,4,5,1,1,1,16,'2022-12-24 02:24:44','2022-12-24 02:24:44'),('XujO6xMXI3Hw9n_x7QXzp','HBvSUrTwR1mhbf7QD_U6I',4,2021,5,5,3,1,2,1,17,'2022-12-24 02:24:44','2022-12-24 02:24:44'),('xW1Yh-v4rluEhLBoKJIMN','fCrGykEjhK1FciTBOBm8g',12,2022,2,3,4,5,2,2,18,'2022-12-24 02:24:44','2022-12-24 02:24:44'),('xYpwhvH0T_Wfa64CiGY0R','CuVVvchPeHIHw9r2cZU96',12,2021,2,2,2,3,1,1,11,'2022-12-24 02:24:44','2022-12-24 02:24:44'),('Y0igPxvwkR5Hoy8ClMK_w','fCrGykEjhK1FciTBOBm8g',6,2020,5,1,4,4,4,4,22,'2022-12-24 02:24:44','2022-12-24 02:24:44'),('yAKJhbq0rTEbyHhK-vvqS','V8c6vFknkSJoQJtHZCyOn',7,2020,2,2,4,3,5,4,20,'2022-12-24 02:24:44','2022-12-24 02:24:44'),('YAKq1ypyOcU9rAM5CW0wo','QytYX1rSkshTuZzYtdacZ',6,2022,5,3,4,4,2,2,20,'2022-12-24 02:24:44','2022-12-24 02:24:44'),('yCNQlQGzpsRG0_NjJy1xB','CuVVvchPeHIHw9r2cZU96',3,2020,2,1,5,3,4,5,20,'2022-12-24 02:24:44','2022-12-24 02:24:44'),('yh_MkHlzgReb3AymcMnEf','CuVVvchPeHIHw9r2cZU96',4,2020,2,2,2,2,4,5,17,'2022-12-24 02:24:44','2022-12-24 02:24:44'),('YHr7vu90PPkGdm19STMTl','V8c6vFknkSJoQJtHZCyOn',12,2021,5,2,3,1,1,2,14,'2022-12-24 02:24:44','2022-12-24 02:24:44'),('YoKMBF-ZomhzMuhxhgwgE','CuVVvchPeHIHw9r2cZU96',2,2022,2,4,3,5,3,5,22,'2022-12-24 02:24:44','2022-12-24 02:24:44'),('YvXFx4G9ixqOFEEKxadks','1THJO4bg422ByJNQL1Yy6',11,2020,5,3,3,4,2,2,19,'2022-12-24 02:24:44','2022-12-24 02:24:44'),('z1mxBa81Sl3zuAY7gp0ZA','V8c6vFknkSJoQJtHZCyOn',9,2022,3,1,3,4,3,4,18,'2022-12-24 02:24:44','2022-12-24 02:24:44'),('zaXIwEJgs2xVr4F9wiehZ','3-KH6EEIlY4N0XEqr1qBT',7,2021,4,4,2,2,3,1,16,'2022-12-24 02:24:44','2022-12-24 02:24:44'),('zB0WTPhD49wR7bKRzdyUG','fCrGykEjhK1FciTBOBm8g',5,2020,3,5,1,3,5,3,20,'2022-12-24 02:24:44','2022-12-24 02:24:44'),('zco4LpEXw3CU0yTa_sRRV','CuVVvchPeHIHw9r2cZU96',10,2022,2,4,3,5,5,3,22,'2022-12-24 02:24:44','2022-12-24 02:24:44'),('zOyrh99jm2WQznjcOddMp','HBvSUrTwR1mhbf7QD_U6I',1,2020,3,2,2,5,4,2,18,'2022-12-24 02:24:44','2022-12-24 02:24:44'),('ZPPZ0XNHdxHPUuKis-QiP','fCrGykEjhK1FciTBOBm8g',7,2020,3,3,2,5,3,4,20,'2022-12-24 02:24:44','2022-12-24 02:24:44'),('zTWdlYrux8zQ52XXXg4xb','nPgYesSJA6-yrQ5ACMMLM',11,2020,4,1,3,3,2,2,15,'2022-12-24 02:24:44','2022-12-24 02:24:44'),('ZV5y60gaFgWsdzM3yye7s','HBvSUrTwR1mhbf7QD_U6I',9,2021,2,3,2,1,1,1,10,'2022-12-24 02:24:44','2022-12-24 02:24:44'),('ZYAVDz8NV7djkIoxaqGud','3-KH6EEIlY4N0XEqr1qBT',5,2020,3,2,3,2,3,1,14,'2022-12-24 02:24:44','2022-12-24 02:24:44');
/*!40000 ALTER TABLE `scores` ENABLE KEYS */;
UNLOCK TABLES;

--
-- Table structure for table `users`
--

DROP TABLE IF EXISTS `users`;
/*!40101 SET @saved_cs_client     = @@character_set_client */;
/*!50503 SET character_set_client = utf8mb4 */;
CREATE TABLE `users` (
  `id` varchar(255) COLLATE utf8mb3_unicode_ci NOT NULL,
  `username` varchar(255) COLLATE utf8mb3_unicode_ci NOT NULL,
  `email` varchar(255) COLLATE utf8mb3_unicode_ci NOT NULL,
  `role_id` int unsigned NOT NULL,
  `password` varchar(180) COLLATE utf8mb3_unicode_ci NOT NULL,
  `remember_me_token` varchar(255) COLLATE utf8mb3_unicode_ci DEFAULT NULL,
  `created_at` timestamp NOT NULL,
  `updated_at` timestamp NOT NULL,
  PRIMARY KEY (`id`),
  UNIQUE KEY `users_username_unique` (`username`),
  UNIQUE KEY `users_email_unique` (`email`),
  KEY `users_role_id_foreign` (`role_id`),
  CONSTRAINT `users_role_id_foreign` FOREIGN KEY (`role_id`) REFERENCES `roles` (`id`)
) ENGINE=InnoDB DEFAULT CHARSET=utf8mb3 COLLATE=utf8mb3_unicode_ci;
/*!40101 SET character_set_client = @saved_cs_client */;

--
-- Dumping data for table `users`
--

LOCK TABLES `users` WRITE;
/*!40000 ALTER TABLE `users` DISABLE KEYS */;
INSERT INTO `users` VALUES ('k5VOBMa_2Hpdh1gn1S2Ng','kadis','kadis@gmail.com',1,'$scrypt$n=16384,r=8,p=1$Z2bTcGVc7La719V5Zgr+hw$vGU9RVXbSiB9LwzfPOaD1Hj6wAQqCTbtvX1uOzizYAyYNqwFNJuQSepBePpV/Uovu9k67oCOJtgZoz5BF6ygvg',NULL,'2022-12-24 02:24:44','2022-12-24 02:24:44'),('R1oSuhkEsZNeAZ6XMuFqw','kabid','kabid@gmail.com',2,'$scrypt$n=16384,r=8,p=1$QnDQgX2ny3YvFyIupfIZcw$EkjEy4RuISiZ+Uk3ly+lTMCQRkuG/+8zMyxr3z/EdxWoClstJIZYFR+wFbwf7JAP/OP0Ezl7sle5jUpt6IjSMg',NULL,'2022-12-24 02:24:44','2022-12-24 02:24:44');
/*!40000 ALTER TABLE `users` ENABLE KEYS */;
UNLOCK TABLES;

--
-- Dumping routines for database 'pencatatan_kerja_karyawan'
--
/*!40103 SET TIME_ZONE=@OLD_TIME_ZONE */;

/*!40101 SET SQL_MODE=@OLD_SQL_MODE */;
/*!40014 SET FOREIGN_KEY_CHECKS=@OLD_FOREIGN_KEY_CHECKS */;
/*!40014 SET UNIQUE_CHECKS=@OLD_UNIQUE_CHECKS */;
/*!40101 SET CHARACTER_SET_CLIENT=@OLD_CHARACTER_SET_CLIENT */;
/*!40101 SET CHARACTER_SET_RESULTS=@OLD_CHARACTER_SET_RESULTS */;
/*!40101 SET COLLATION_CONNECTION=@OLD_COLLATION_CONNECTION */;
/*!40111 SET SQL_NOTES=@OLD_SQL_NOTES */;

-- Dump completed on 2022-12-24 17:26:02
